{
  "rouge1_mean": 0.485,
  "rouge1_sd": 0.0137,
  "rouge1_2.5": 0.458,
  "rouge1_97.5": 0.5131,
  "rouge2_mean": 0.3029,
  "rouge2_sd": 0.0149,
  "rouge2_2.5": 0.2742,
  "rouge2_97.5": 0.3335,
  "rougeL_mean": 0.3976,
  "rougeL_sd": 0.0135,
  "rougeL_2.5": 0.3709,
  "rougeL_97.5": 0.4235,
  "rougeLsum_mean": 0.3976,
  "rougeLsum_sd": 0.0135,
  "rougeLsum_2.5": 0.3709,
  "rougeLsum_97.5": 0.4235,
  "bertscore_f1_mean": 0.8934,
  "bertscore_f1_sd": 0.0023,
  "bertscore_f1_2.5": 0.889,
  "bertscore_f1_97.5": 0.8977,
  "ceaf_ree_phi_subset_f1_mean": 0.2849,
  "ceaf_ree_phi_subset_f1_sd": 0.0187,
  "ceaf_ree_phi_subset_f1_2.5": 0.2482,
  "ceaf_ree_phi_subset_f1_97.5": 0.3209,
  "ceaf_ree_phi_edit_distance_f1_mean": 0.4536,
  "ceaf_ree_phi_edit_distance_f1_sd": 0.0168,
  "ceaf_ree_phi_edit_distance_f1_2.5": 0.4192,
  "ceaf_ree_phi_edit_distance_f1_97.5": 0.4836
}