{
  "test_loss": 1.5912833213806152,
  "test_rouge1": 0.4857,
  "test_rouge2": 0.303,
  "test_rougeL": 0.397,
  "test_rougeLsum": 0.398,
  "test_meteor": 0.4438,
  "test_bertscore_p": 0.9021,
  "test_bertscore_r": 0.8982,
  "test_bertscore_f1": 0.8999,
  "test_mean_summary_len": 35.0435,
  "test_runtime": 149.0558,
  "test_samples_per_second": 1.697,
  "test_steps_per_second": 0.852,
  "test_ceaf_ree_subset_p": 0.3072983354673495,
  "test_ceaf_ree_subset_r": 0.24266936299292213,
  "test_ceaf_ree_subset_f1": 0.2711864406779661,
  "test_ceaf_ree_edit_distance_p": 0.5034796428085426,
  "test_ceaf_ree_edit_distance_r": 0.39759110316832336,
  "test_ceaf_ree_edit_distance_f1": 0.4443136734841489
}