{
  "rouge1_mean": 0.5074,
  "rouge1_sd": 0.0132,
  "rouge1_2.5": 0.4819,
  "rouge1_97.5": 0.5327,
  "rouge2_mean": 0.3332,
  "rouge2_sd": 0.0151,
  "rouge2_2.5": 0.3041,
  "rouge2_97.5": 0.3621,
  "rougeL_mean": 0.4239,
  "rougeL_sd": 0.0136,
  "rougeL_2.5": 0.3967,
  "rougeL_97.5": 0.4503,
  "rougeLsum_mean": 0.4239,
  "rougeLsum_sd": 0.0136,
  "rougeLsum_2.5": 0.3967,
  "rougeLsum_97.5": 0.4503,
  "bertscore_f1_mean": 0.896,
  "bertscore_f1_sd": 0.0023,
  "bertscore_f1_2.5": 0.8915,
  "bertscore_f1_97.5": 0.9002,
  "ceaf_ree_phi_subset_f1_mean": 0.316,
  "ceaf_ree_phi_subset_f1_sd": 0.0189,
  "ceaf_ree_phi_subset_f1_2.5": 0.279,
  "ceaf_ree_phi_subset_f1_97.5": 0.3534,
  "ceaf_ree_phi_edit_distance_f1_mean": 0.49,
  "ceaf_ree_phi_edit_distance_f1_sd": 0.0161,
  "ceaf_ree_phi_edit_distance_f1_2.5": 0.4588,
  "ceaf_ree_phi_edit_distance_f1_97.5": 0.5207
}