{
  "test_loss": 1.3689988851547241,
  "test_rouge1": 0.5085,
  "test_rouge2": 0.3344,
  "test_rougeL": 0.4251,
  "test_rougeLsum": 0.424,
  "test_meteor": 0.5006,
  "test_bertscore_p": 0.8985,
  "test_bertscore_r": 0.9079,
  "test_bertscore_f1": 0.9029,
  "test_mean_summary_len": 42.3123,
  "test_runtime": 265.7382,
  "test_samples_per_second": 0.952,
  "test_steps_per_second": 0.478,
  "test_ceaf_ree_subset_p": 0.3201357466063348,
  "test_ceaf_ree_subset_r": 0.2861476238624874,
  "test_ceaf_ree_subset_f1": 0.3021890016017085,
  "test_ceaf_ree_edit_distance_p": 0.5027763746063524,
  "test_ceaf_ree_edit_distance_r": 0.4493976897391461,
  "test_ceaf_ree_edit_distance_f1": 0.47459083305073735
}