{
  "test_loss": 1.0678439140319824,
  "test_rouge1": 0.4918,
  "test_rouge2": 0.3315,
  "test_rougeL": 0.4139,
  "test_rougeLsum": 0.4144,
  "test_meteor": 0.4734,
  "test_bertscore_p": 0.8967,
  "test_bertscore_r": 0.9027,
  "test_bertscore_f1": 0.8994,
  "test_mean_summary_len": 46.5178,
  "test_runtime": 492.7066,
  "test_samples_per_second": 0.513,
  "test_steps_per_second": 0.258,
  "test_ceaf_ree_subset_p": 0.3435960591133005,
  "test_ceaf_ree_subset_r": 0.282103134479272,
  "test_ceaf_ree_subset_f1": 0.30982787340366463,
  "test_ceaf_ree_edit_distance_p": 0.5166081528861534,
  "test_ceaf_ree_edit_distance_r": 0.4241514864950015,
  "test_ceaf_ree_edit_distance_f1": 0.46583655762749193
}