{
  "rouge1_mean": 0.4908,
  "rouge1_sd": 0.0143,
  "rouge1_2.5": 0.4641,
  "rouge1_97.5": 0.5191,
  "rouge2_mean": 0.3301,
  "rouge2_sd": 0.0165,
  "rouge2_2.5": 0.2978,
  "rouge2_97.5": 0.3627,
  "rougeL_mean": 0.4134,
  "rougeL_sd": 0.0145,
  "rougeL_2.5": 0.3853,
  "rougeL_97.5": 0.442,
  "rougeLsum_mean": 0.4134,
  "rougeLsum_sd": 0.0145,
  "rougeLsum_2.5": 0.3853,
  "rougeLsum_97.5": 0.442,
  "bertscore_f1_mean": 0.8925,
  "bertscore_f1_sd": 0.0024,
  "bertscore_f1_2.5": 0.8876,
  "bertscore_f1_97.5": 0.8972,
  "ceaf_ree_phi_subset_f1_mean": 0.3189,
  "ceaf_ree_phi_subset_f1_sd": 0.0204,
  "ceaf_ree_phi_subset_f1_2.5": 0.2778,
  "ceaf_ree_phi_subset_f1_97.5": 0.3586,
  "ceaf_ree_phi_edit_distance_f1_mean": 0.4753,
  "ceaf_ree_phi_edit_distance_f1_sd": 0.018,
  "ceaf_ree_phi_edit_distance_f1_2.5": 0.4401,
  "ceaf_ree_phi_edit_distance_f1_97.5": 0.5096
}