{
  "test_loss": 2.1617560386657715,
  "test_rouge1": 0.5637,
  "test_rouge2": 0.3704,
  "test_rougeL": 0.4514,
  "test_rougeLsum": 0.4523,
  "test_meteor": 0.4784,
  "test_bertscore_p": 0.923,
  "test_bertscore_r": 0.9019,
  "test_bertscore_f1": 0.9121,
  "test_mean_summary_len": 31.3913,
  "test_runtime": 156.4063,
  "test_samples_per_second": 1.618,
  "test_steps_per_second": 0.812,
  "test_ceaf_ree_subset_p": 0.41496598639455784,
  "test_ceaf_ree_subset_r": 0.3700707785642063,
  "test_ceaf_ree_subset_f1": 0.3912346338856227,
  "test_ceaf_ree_edit_distance_p": 0.6671697684788801,
  "test_ceaf_ree_edit_distance_r": 0.5949886105140265,
  "test_ceaf_ree_edit_distance_f1": 0.6290152173152028
}