{
  "rouge1_mean": 0.5633,
  "rouge1_sd": 0.0116,
  "rouge1_2.5": 0.5422,
  "rouge1_97.5": 0.5879,
  "rouge2_mean": 0.3691,
  "rouge2_sd": 0.0137,
  "rouge2_2.5": 0.3449,
  "rouge2_97.5": 0.3995,
  "rougeL_mean": 0.4514,
  "rougeL_sd": 0.0118,
  "rougeL_2.5": 0.4301,
  "rougeL_97.5": 0.4759,
  "rougeLsum_mean": 0.4514,
  "rougeLsum_sd": 0.0118,
  "rougeLsum_2.5": 0.4301,
  "rougeLsum_97.5": 0.4759,
  "bertscore_f1_mean": 0.9052,
  "bertscore_f1_sd": 0.002,
  "bertscore_f1_2.5": 0.9015,
  "bertscore_f1_97.5": 0.9091,
  "ceaf_ree_phi_subset_f1_mean": 0.3755,
  "ceaf_ree_phi_subset_f1_sd": 0.018,
  "ceaf_ree_phi_subset_f1_2.5": 0.3418,
  "ceaf_ree_phi_subset_f1_97.5": 0.4124,
  "ceaf_ree_phi_edit_distance_f1_mean": 0.6253,
  "ceaf_ree_phi_edit_distance_f1_sd": 0.0145,
  "ceaf_ree_phi_edit_distance_f1_2.5": 0.5978,
  "ceaf_ree_phi_edit_distance_f1_97.5": 0.6541
}