{
  "rouge1_mean": 0.5841,
  "rouge1_sd": 0.0116,
  "rouge1_2.5": 0.5628,
  "rouge1_97.5": 0.6081,
  "rouge2_mean": 0.3821,
  "rouge2_sd": 0.0136,
  "rouge2_2.5": 0.3568,
  "rouge2_97.5": 0.4107,
  "rougeL_mean": 0.4642,
  "rougeL_sd": 0.0118,
  "rougeL_2.5": 0.4432,
  "rougeL_97.5": 0.4879,
  "rougeLsum_mean": 0.4642,
  "rougeLsum_sd": 0.0118,
  "rougeLsum_2.5": 0.4432,
  "rougeLsum_97.5": 0.4879,
  "bertscore_f1_mean": 0.9063,
  "bertscore_f1_sd": 0.0019,
  "bertscore_f1_2.5": 0.9024,
  "bertscore_f1_97.5": 0.9101,
  "ceaf_ree_phi_subset_f1_mean": 0.3916,
  "ceaf_ree_phi_subset_f1_sd": 0.0179,
  "ceaf_ree_phi_subset_f1_2.5": 0.3569,
  "ceaf_ree_phi_subset_f1_97.5": 0.427,
  "ceaf_ree_phi_edit_distance_f1_mean": 0.6432,
  "ceaf_ree_phi_edit_distance_f1_sd": 0.0143,
  "ceaf_ree_phi_edit_distance_f1_2.5": 0.6156,
  "ceaf_ree_phi_edit_distance_f1_97.5": 0.6709
}