{
  "test_loss": 1.897499680519104,
  "test_rouge1": 0.5852,
  "test_rouge2": 0.3841,
  "test_rougeL": 0.4646,
  "test_rougeLsum": 0.4652,
  "test_meteor": 0.4848,
  "test_bertscore_p": 0.9259,
  "test_bertscore_r": 0.903,
  "test_bertscore_f1": 0.9142,
  "test_mean_summary_len": 28.7075,
  "test_runtime": 189.8552,
  "test_samples_per_second": 1.333,
  "test_steps_per_second": 0.669,
  "test_ceaf_ree_subset_p": 0.4227733934611049,
  "test_ceaf_ree_subset_r": 0.37917087967644086,
  "test_ceaf_ree_subset_f1": 0.3997867803837953,
  "test_ceaf_ree_edit_distance_p": 0.6773866777245958,
  "test_ceaf_ree_edit_distance_r": 0.607524755451685,
  "test_ceaf_ree_edit_distance_f1": 0.6405564852257105
}