{
  "rouge1_mean": 0.5979,
  "rouge1_sd": 0.012,
  "rouge1_2.5": 0.5756,
  "rouge1_97.5": 0.6222,
  "rouge2_mean": 0.4039,
  "rouge2_sd": 0.0136,
  "rouge2_2.5": 0.378,
  "rouge2_97.5": 0.4318,
  "rougeL_mean": 0.4743,
  "rougeL_sd": 0.0122,
  "rougeL_2.5": 0.4513,
  "rougeL_97.5": 0.499,
  "rougeLsum_mean": 0.4743,
  "rougeLsum_sd": 0.0122,
  "rougeLsum_2.5": 0.4513,
  "rougeLsum_97.5": 0.499,
  "bertscore_f1_mean": 0.9106,
  "bertscore_f1_sd": 0.0019,
  "bertscore_f1_2.5": 0.907,
  "bertscore_f1_97.5": 0.9146,
  "ceaf_ree_phi_subset_f1_mean": 0.4432,
  "ceaf_ree_phi_subset_f1_sd": 0.0187,
  "ceaf_ree_phi_subset_f1_2.5": 0.4068,
  "ceaf_ree_phi_subset_f1_97.5": 0.4803,
  "ceaf_ree_phi_edit_distance_f1_mean": 0.6877,
  "ceaf_ree_phi_edit_distance_f1_sd": 0.0142,
  "ceaf_ree_phi_edit_distance_f1_2.5": 0.6606,
  "ceaf_ree_phi_edit_distance_f1_97.5": 0.7164
}