{
  "test_loss": 1.630001425743103,
  "test_rouge1": 0.5996,
  "test_rouge2": 0.4055,
  "test_rougeL": 0.4751,
  "test_rougeLsum": 0.4758,
  "test_meteor": 0.4916,
  "test_bertscore_p": 0.9325,
  "test_bertscore_r": 0.9051,
  "test_bertscore_f1": 0.9184,
  "test_mean_summary_len": 30.3004,
  "test_runtime": 379.3234,
  "test_samples_per_second": 0.667,
  "test_steps_per_second": 0.335,
  "test_ceaf_ree_subset_p": 0.47757847533632286,
  "test_ceaf_ree_subset_r": 0.43073811931243683,
  "test_ceaf_ree_subset_f1": 0.4529505582137161,
  "test_ceaf_ree_edit_distance_p": 0.7259392852809731,
  "test_ceaf_ree_edit_distance_r": 0.6547399822756602,
  "test_ceaf_ree_edit_distance_f1": 0.6885038197454844
}