{
  "rouge1_mean": 0.5155,
  "rouge1_sd": 0.0136,
  "rouge1_2.5": 0.4873,
  "rouge1_97.5": 0.5408,
  "rouge2_mean": 0.3503,
  "rouge2_sd": 0.0156,
  "rouge2_2.5": 0.3187,
  "rouge2_97.5": 0.379,
  "rougeL_mean": 0.4406,
  "rougeL_sd": 0.0144,
  "rougeL_2.5": 0.4123,
  "rougeL_97.5": 0.467,
  "rougeLsum_mean": 0.4406,
  "rougeLsum_sd": 0.0144,
  "rougeLsum_2.5": 0.4123,
  "rougeLsum_97.5": 0.467,
  "bertscore_f1_mean": 0.8984,
  "bertscore_f1_sd": 0.0023,
  "bertscore_f1_2.5": 0.8936,
  "bertscore_f1_97.5": 0.9026,
  "ceaf_ree_phi_subset_f1_mean": 0.3202,
  "ceaf_ree_phi_subset_f1_sd": 0.0197,
  "ceaf_ree_phi_subset_f1_2.5": 0.2805,
  "ceaf_ree_phi_subset_f1_97.5": 0.3585,
  "ceaf_ree_phi_edit_distance_f1_mean": 0.4964,
  "ceaf_ree_phi_edit_distance_f1_sd": 0.0171,
  "ceaf_ree_phi_edit_distance_f1_2.5": 0.4636,
  "ceaf_ree_phi_edit_distance_f1_97.5": 0.5283
}