{
  "test_loss": 1.4901553392410278,
  "test_rouge1": 0.5167,
  "test_rouge2": 0.3512,
  "test_rougeL": 0.4415,
  "test_rougeLsum": 0.4414,
  "test_meteor": 0.4753,
  "test_bertscore_p": 0.9066,
  "test_bertscore_r": 0.9025,
  "test_bertscore_f1": 0.9042,
  "test_mean_summary_len": 34.6601,
  "test_runtime": 150.0826,
  "test_samples_per_second": 1.686,
  "test_steps_per_second": 0.846,
  "test_ceaf_ree_subset_p": 0.3780487804878049,
  "test_ceaf_ree_subset_r": 0.282103134479272,
  "test_ceaf_ree_subset_f1": 0.32310364794441226,
  "test_ceaf_ree_edit_distance_p": 0.5788056628672728,
  "test_ceaf_ree_edit_distance_r": 0.4319095846269437,
  "test_ceaf_ree_edit_distance_f1": 0.4946827784551793
}