{
  "test_loss": 1.2588279247283936,
  "test_rouge1": 0.5121,
  "test_rouge2": 0.3418,
  "test_rougeL": 0.4311,
  "test_rougeLsum": 0.4309,
  "test_meteor": 0.5045,
  "test_bertscore_p": 0.8981,
  "test_bertscore_r": 0.9082,
  "test_bertscore_f1": 0.9028,
  "test_mean_summary_len": 43.9526,
  "test_runtime": 286.128,
  "test_samples_per_second": 0.884,
  "test_steps_per_second": 0.444,
  "test_ceaf_ree_subset_p": 0.31497797356828194,
  "test_ceaf_ree_subset_r": 0.2891809908998989,
  "test_ceaf_ree_subset_f1": 0.30152872957301,
  "test_ceaf_ree_edit_distance_p": 0.4913660954830189,
  "test_ceaf_ree_edit_distance_r": 0.45112276511484445,
  "test_ceaf_ree_edit_distance_f1": 0.4703852553490577
}