{
  "rouge1_mean": 0.5118,
  "rouge1_sd": 0.0137,
  "rouge1_2.5": 0.4844,
  "rouge1_97.5": 0.5384,
  "rouge2_mean": 0.3407,
  "rouge2_sd": 0.0157,
  "rouge2_2.5": 0.3106,
  "rouge2_97.5": 0.372,
  "rougeL_mean": 0.4301,
  "rougeL_sd": 0.0142,
  "rougeL_2.5": 0.4021,
  "rougeL_97.5": 0.4572,
  "rougeLsum_mean": 0.4301,
  "rougeLsum_sd": 0.0142,
  "rougeLsum_2.5": 0.4021,
  "rougeLsum_97.5": 0.4572,
  "bertscore_f1_mean": 0.8958,
  "bertscore_f1_sd": 0.0023,
  "bertscore_f1_2.5": 0.8912,
  "bertscore_f1_97.5": 0.8999,
  "ceaf_ree_phi_subset_f1_mean": 0.3084,
  "ceaf_ree_phi_subset_f1_sd": 0.0183,
  "ceaf_ree_phi_subset_f1_2.5": 0.2728,
  "ceaf_ree_phi_subset_f1_97.5": 0.3449,
  "ceaf_ree_phi_edit_distance_f1_mean": 0.4825,
  "ceaf_ree_phi_edit_distance_f1_sd": 0.0163,
  "ceaf_ree_phi_edit_distance_f1_2.5": 0.4505,
  "ceaf_ree_phi_edit_distance_f1_97.5": 0.5138
}