{
  "rouge1_mean": 0.53,
  "rouge1_sd": 0.0139,
  "rouge1_2.5": 0.5035,
  "rouge1_97.5": 0.5559,
  "rouge2_mean": 0.3558,
  "rouge2_sd": 0.0159,
  "rouge2_2.5": 0.3268,
  "rouge2_97.5": 0.3858,
  "rougeL_mean": 0.4481,
  "rougeL_sd": 0.0145,
  "rougeL_2.5": 0.421,
  "rougeL_97.5": 0.4754,
  "rougeLsum_mean": 0.4481,
  "rougeLsum_sd": 0.0145,
  "rougeLsum_2.5": 0.421,
  "rougeLsum_97.5": 0.4754,
  "bertscore_f1_mean": 0.9001,
  "bertscore_f1_sd": 0.0024,
  "bertscore_f1_2.5": 0.8956,
  "bertscore_f1_97.5": 0.9045,
  "ceaf_ree_phi_subset_f1_mean": 0.3242,
  "ceaf_ree_phi_subset_f1_sd": 0.0194,
  "ceaf_ree_phi_subset_f1_2.5": 0.2866,
  "ceaf_ree_phi_subset_f1_97.5": 0.3633,
  "ceaf_ree_phi_edit_distance_f1_mean": 0.5067,
  "ceaf_ree_phi_edit_distance_f1_sd": 0.0169,
  "ceaf_ree_phi_edit_distance_f1_2.5": 0.4729,
  "ceaf_ree_phi_edit_distance_f1_97.5": 0.5382
}