{
  "test_loss": 1.4982131719589233,
  "test_rouge1": 0.5306,
  "test_rouge2": 0.3564,
  "test_rougeL": 0.4493,
  "test_rougeLsum": 0.4488,
  "test_meteor": 0.4876,
  "test_bertscore_p": 0.9076,
  "test_bertscore_r": 0.9058,
  "test_bertscore_f1": 0.9064,
  "test_mean_summary_len": 41.0593,
  "test_runtime": 424.458,
  "test_samples_per_second": 0.596,
  "test_steps_per_second": 0.299,
  "test_ceaf_ree_subset_p": 0.35813366960907944,
  "test_ceaf_ree_subset_r": 0.2871587462082912,
  "test_ceaf_ree_subset_f1": 0.31874298540965207,
  "test_ceaf_ree_edit_distance_p": 0.5633947095942738,
  "test_ceaf_ree_edit_distance_r": 0.45174115744010024,
  "test_ceaf_ree_edit_distance_f1": 0.5014276147118509
}