{
  "test_loss": 1.1928157806396484,
  "test_rouge1": 0.6223,
  "test_rouge2": 0.4943,
  "test_rougeL": 0.5555,
  "test_rougeLsum": 0.5576,
  "test_meteor": 0.6134,
  "test_bertscore_p": 0.9243,
  "test_bertscore_r": 0.9283,
  "test_bertscore_f1": 0.9259,
  "test_mean_summary_len": 31.585,
  "test_runtime": 132.2484,
  "test_samples_per_second": 1.913,
  "test_steps_per_second": 0.96,
  "test_ceaf_ree_subset_p": 0.5499276410998553,
  "test_ceaf_ree_subset_r": 0.5100671140939598,
  "test_ceaf_ree_subset_f1": 0.5292479108635098,
  "test_ceaf_ree_edit_distance_p": 0.6840114792442381,
  "test_ceaf_ree_edit_distance_r": 0.6344321237017028,
  "test_ceaf_ree_edit_distance_f1": 0.6582895991055272
}