{
  "rouge1_mean": 0.6214,
  "rouge1_sd": 0.0156,
  "rouge1_2.5": 0.5926,
  "rouge1_97.5": 0.6502,
  "rouge2_mean": 0.4942,
  "rouge2_sd": 0.0183,
  "rouge2_2.5": 0.4585,
  "rouge2_97.5": 0.5295,
  "rougeL_mean": 0.5564,
  "rougeL_sd": 0.0167,
  "rougeL_2.5": 0.5242,
  "rougeL_97.5": 0.5887,
  "rougeLsum_mean": 0.5564,
  "rougeLsum_sd": 0.0167,
  "rougeLsum_2.5": 0.5242,
  "rougeLsum_97.5": 0.5887,
  "bertscore_f1_mean": 0.9181,
  "bertscore_f1_sd": 0.0026,
  "bertscore_f1_2.5": 0.9132,
  "bertscore_f1_97.5": 0.9229,
  "ceaf_ree_phi_subset_f1_mean": 0.5108,
  "ceaf_ree_phi_subset_f1_sd": 0.022,
  "ceaf_ree_phi_subset_f1_2.5": 0.4678,
  "ceaf_ree_phi_subset_f1_97.5": 0.5546,
  "ceaf_ree_phi_edit_distance_f1_mean": 0.649,
  "ceaf_ree_phi_edit_distance_f1_sd": 0.0191,
  "ceaf_ree_phi_edit_distance_f1_2.5": 0.6111,
  "ceaf_ree_phi_edit_distance_f1_97.5": 0.6869
}