{
  "test_loss": 0.7552013397216797,
  "test_rouge1": 0.6328,
  "test_rouge2": 0.4979,
  "test_rougeL": 0.5591,
  "test_rougeLsum": 0.5594,
  "test_meteor": 0.6418,
  "test_bertscore_p": 0.9215,
  "test_bertscore_r": 0.9334,
  "test_bertscore_f1": 0.9271,
  "test_mean_summary_len": 32.2885,
  "test_runtime": 200.6851,
  "test_samples_per_second": 1.261,
  "test_steps_per_second": 0.633,
  "test_ceaf_ree_subset_p": 0.531578947368421,
  "test_ceaf_ree_subset_r": 0.5422818791946309,
  "test_ceaf_ree_subset_f1": 0.5368770764119601,
  "test_ceaf_ree_edit_distance_p": 0.6562712168192512,
  "test_ceaf_ree_edit_distance_r": 0.6694847312518535,
  "test_ceaf_ree_edit_distance_f1": 0.6628121259569846
}