{
  "rouge1_mean": 0.6317,
  "rouge1_sd": 0.0157,
  "rouge1_2.5": 0.5994,
  "rouge1_97.5": 0.662,
  "rouge2_mean": 0.4975,
  "rouge2_sd": 0.0182,
  "rouge2_2.5": 0.4611,
  "rouge2_97.5": 0.5301,
  "rougeL_mean": 0.5583,
  "rougeL_sd": 0.0164,
  "rougeL_2.5": 0.5263,
  "rougeL_97.5": 0.589,
  "rougeLsum_mean": 0.5583,
  "rougeLsum_sd": 0.0164,
  "rougeLsum_2.5": 0.5263,
  "rougeLsum_97.5": 0.589,
  "bertscore_f1_mean": 0.9186,
  "bertscore_f1_sd": 0.0025,
  "bertscore_f1_2.5": 0.9138,
  "bertscore_f1_97.5": 0.9233,
  "ceaf_ree_phi_subset_f1_mean": 0.5311,
  "ceaf_ree_phi_subset_f1_sd": 0.0226,
  "ceaf_ree_phi_subset_f1_2.5": 0.4848,
  "ceaf_ree_phi_subset_f1_97.5": 0.5757,
  "ceaf_ree_phi_edit_distance_f1_mean": 0.6598,
  "ceaf_ree_phi_edit_distance_f1_sd": 0.0201,
  "ceaf_ree_phi_edit_distance_f1_2.5": 0.6195,
  "ceaf_ree_phi_edit_distance_f1_97.5": 0.6951
}