{
  "test_loss": 0.9022330641746521,
  "test_rouge1": 0.6582,
  "test_rouge2": 0.519,
  "test_rougeL": 0.5846,
  "test_rougeLsum": 0.5841,
  "test_meteor": 0.6383,
  "test_bertscore_p": 0.9298,
  "test_bertscore_r": 0.9332,
  "test_bertscore_f1": 0.9311,
  "test_mean_summary_len": 33.8063,
  "test_runtime": 385.9212,
  "test_samples_per_second": 0.656,
  "test_steps_per_second": 0.329,
  "test_ceaf_ree_subset_p": 0.5752461322081576,
  "test_ceaf_ree_subset_r": 0.548993288590604,
  "test_ceaf_ree_subset_f1": 0.5618131868131868,
  "test_ceaf_ree_edit_distance_p": 0.700536499061306,
  "test_ceaf_ree_edit_distance_r": 0.6685657058155551,
  "test_ceaf_ree_edit_distance_f1": 0.6841778170777315
}