{
  "rouge1_mean": 0.6575,
  "rouge1_sd": 0.0159,
  "rouge1_2.5": 0.6254,
  "rouge1_97.5": 0.6887,
  "rouge2_mean": 0.5173,
  "rouge2_sd": 0.0191,
  "rouge2_2.5": 0.4774,
  "rouge2_97.5": 0.5556,
  "rougeL_mean": 0.5827,
  "rougeL_sd": 0.0166,
  "rougeL_2.5": 0.5509,
  "rougeL_97.5": 0.6151,
  "rougeLsum_mean": 0.5827,
  "rougeLsum_sd": 0.0166,
  "rougeLsum_2.5": 0.5509,
  "rougeLsum_97.5": 0.6151,
  "bertscore_f1_mean": 0.9229,
  "bertscore_f1_sd": 0.0025,
  "bertscore_f1_2.5": 0.918,
  "bertscore_f1_97.5": 0.9275,
  "ceaf_ree_phi_subset_f1_mean": 0.5598,
  "ceaf_ree_phi_subset_f1_sd": 0.0229,
  "ceaf_ree_phi_subset_f1_2.5": 0.5149,
  "ceaf_ree_phi_subset_f1_97.5": 0.6036,
  "ceaf_ree_phi_edit_distance_f1_mean": 0.6837,
  "ceaf_ree_phi_edit_distance_f1_sd": 0.0197,
  "ceaf_ree_phi_edit_distance_f1_2.5": 0.6445,
  "ceaf_ree_phi_edit_distance_f1_97.5": 0.7212
}