{
  "rouge1_mean": 0.7547,
  "rouge1_sd": 0.0123,
  "rouge1_2.5": 0.731,
  "rouge1_97.5": 0.7783,
  "rouge2_mean": 0.6276,
  "rouge2_sd": 0.0159,
  "rouge2_2.5": 0.5962,
  "rouge2_97.5": 0.6589,
  "rougeL_mean": 0.6776,
  "rougeL_sd": 0.0143,
  "rougeL_2.5": 0.6492,
  "rougeL_97.5": 0.7052,
  "rougeLsum_mean": 0.6776,
  "rougeLsum_sd": 0.0143,
  "rougeLsum_2.5": 0.6492,
  "rougeLsum_97.5": 0.7052,
  "bertscore_f1_mean": 0.9384,
  "bertscore_f1_sd": 0.002,
  "bertscore_f1_2.5": 0.9341,
  "bertscore_f1_97.5": 0.9424,
  "ceaf_ree_phi_subset_f1_mean": 0.7024,
  "ceaf_ree_phi_subset_f1_sd": 0.02,
  "ceaf_ree_phi_subset_f1_2.5": 0.6642,
  "ceaf_ree_phi_subset_f1_97.5": 0.7424,
  "ceaf_ree_phi_edit_distance_f1_mean": 0.816,
  "ceaf_ree_phi_edit_distance_f1_sd": 0.0145,
  "ceaf_ree_phi_edit_distance_f1_2.5": 0.7877,
  "ceaf_ree_phi_edit_distance_f1_97.5": 0.8434
}