{
  "rouge1_mean": 0.7385,
  "rouge1_sd": 0.0121,
  "rouge1_2.5": 0.7154,
  "rouge1_97.5": 0.7631,
  "rouge2_mean": 0.6165,
  "rouge2_sd": 0.015,
  "rouge2_2.5": 0.5877,
  "rouge2_97.5": 0.646,
  "rougeL_mean": 0.6601,
  "rougeL_sd": 0.014,
  "rougeL_2.5": 0.6334,
  "rougeL_97.5": 0.6876,
  "rougeLsum_mean": 0.6601,
  "rougeLsum_sd": 0.014,
  "rougeLsum_2.5": 0.6334,
  "rougeLsum_97.5": 0.6876,
  "bertscore_f1_mean": 0.9354,
  "bertscore_f1_sd": 0.002,
  "bertscore_f1_2.5": 0.9315,
  "bertscore_f1_97.5": 0.9392,
  "ceaf_ree_phi_subset_f1_mean": 0.6945,
  "ceaf_ree_phi_subset_f1_sd": 0.0197,
  "ceaf_ree_phi_subset_f1_2.5": 0.6557,
  "ceaf_ree_phi_subset_f1_97.5": 0.7321,
  "ceaf_ree_phi_edit_distance_f1_mean": 0.8104,
  "ceaf_ree_phi_edit_distance_f1_sd": 0.0146,
  "ceaf_ree_phi_edit_distance_f1_2.5": 0.7814,
  "ceaf_ree_phi_edit_distance_f1_97.5": 0.8387
}