{
  "rouge1_mean": 0.7013,
  "rouge1_sd": 0.013,
  "rouge1_2.5": 0.6765,
  "rouge1_97.5": 0.7273,
  "rouge2_mean": 0.5736,
  "rouge2_sd": 0.016,
  "rouge2_2.5": 0.5433,
  "rouge2_97.5": 0.6055,
  "rougeL_mean": 0.6206,
  "rougeL_sd": 0.0146,
  "rougeL_2.5": 0.5931,
  "rougeL_97.5": 0.6503,
  "rougeLsum_mean": 0.6206,
  "rougeLsum_sd": 0.0146,
  "rougeLsum_2.5": 0.5931,
  "rougeLsum_97.5": 0.6503,
  "bertscore_f1_mean": 0.9284,
  "bertscore_f1_sd": 0.0022,
  "bertscore_f1_2.5": 0.9242,
  "bertscore_f1_97.5": 0.9328,
  "ceaf_ree_phi_subset_f1_mean": 0.656,
  "ceaf_ree_phi_subset_f1_sd": 0.0206,
  "ceaf_ree_phi_subset_f1_2.5": 0.6169,
  "ceaf_ree_phi_subset_f1_97.5": 0.6947,
  "ceaf_ree_phi_edit_distance_f1_mean": 0.7676,
  "ceaf_ree_phi_edit_distance_f1_sd": 0.0164,
  "ceaf_ree_phi_edit_distance_f1_2.5": 0.7354,
  "ceaf_ree_phi_edit_distance_f1_97.5": 0.7981
}