{
  "rouge1_mean": 0.68,
  "rouge1_sd": 0.0137,
  "rouge1_2.5": 0.6525,
  "rouge1_97.5": 0.707,
  "rouge2_mean": 0.5516,
  "rouge2_sd": 0.0161,
  "rouge2_2.5": 0.5208,
  "rouge2_97.5": 0.5845,
  "rougeL_mean": 0.6038,
  "rougeL_sd": 0.015,
  "rougeL_2.5": 0.575,
  "rougeL_97.5": 0.634,
  "rougeLsum_mean": 0.6038,
  "rougeLsum_sd": 0.015,
  "rougeLsum_2.5": 0.575,
  "rougeLsum_97.5": 0.634,
  "bertscore_f1_mean": 0.9261,
  "bertscore_f1_sd": 0.0023,
  "bertscore_f1_2.5": 0.9218,
  "bertscore_f1_97.5": 0.9305,
  "ceaf_ree_phi_subset_f1_mean": 0.6222,
  "ceaf_ree_phi_subset_f1_sd": 0.0204,
  "ceaf_ree_phi_subset_f1_2.5": 0.582,
  "ceaf_ree_phi_subset_f1_97.5": 0.6593,
  "ceaf_ree_phi_edit_distance_f1_mean": 0.733,
  "ceaf_ree_phi_edit_distance_f1_sd": 0.0173,
  "ceaf_ree_phi_edit_distance_f1_2.5": 0.6982,
  "ceaf_ree_phi_edit_distance_f1_97.5": 0.7638
}