{
  "rouge1_mean": 0.7198,
  "rouge1_sd": 0.0138,
  "rouge1_2.5": 0.6928,
  "rouge1_97.5": 0.7463,
  "rouge2_mean": 0.5984,
  "rouge2_sd": 0.0169,
  "rouge2_2.5": 0.5653,
  "rouge2_97.5": 0.6316,
  "rougeL_mean": 0.6456,
  "rougeL_sd": 0.015,
  "rougeL_2.5": 0.6155,
  "rougeL_97.5": 0.6738,
  "rougeLsum_mean": 0.6456,
  "rougeLsum_sd": 0.015,
  "rougeLsum_2.5": 0.6155,
  "rougeLsum_97.5": 0.6738,
  "bertscore_f1_mean": 0.9324,
  "bertscore_f1_sd": 0.0022,
  "bertscore_f1_2.5": 0.928,
  "bertscore_f1_97.5": 0.9367,
  "ceaf_ree_phi_subset_f1_mean": 0.6659,
  "ceaf_ree_phi_subset_f1_sd": 0.0205,
  "ceaf_ree_phi_subset_f1_2.5": 0.6264,
  "ceaf_ree_phi_subset_f1_97.5": 0.7054,
  "ceaf_ree_phi_edit_distance_f1_mean": 0.7897,
  "ceaf_ree_phi_edit_distance_f1_sd": 0.0154,
  "ceaf_ree_phi_edit_distance_f1_2.5": 0.7594,
  "ceaf_ree_phi_edit_distance_f1_97.5": 0.8192
}