{
  "test_loss": 2.393198013305664,
  "test_rouge1": 0.5834,
  "test_rouge2": 0.4096,
  "test_rougeL": 0.4851,
  "test_rougeLsum": 0.486,
  "test_meteor": 0.508,
  "test_bertscore_p": 0.9295,
  "test_bertscore_r": 0.9078,
  "test_bertscore_f1": 0.9183,
  "test_mean_summary_len": 23.1423,
  "test_runtime": 109.4795,
  "test_samples_per_second": 2.311,
  "test_steps_per_second": 1.16,
  "test_ceaf_ree_subset_p": 0.6239067055393586,
  "test_ceaf_ree_subset_r": 0.574496644295302,
  "test_ceaf_ree_subset_f1": 0.5981830887491265,
  "test_ceaf_ree_edit_distance_p": 0.7858366584210674,
  "test_ceaf_ree_edit_distance_r": 0.7236026143313453,
  "test_ceaf_ree_edit_distance_f1": 0.7534366843841401
}