{
  "rouge1_mean": 0.5822,
  "rouge1_sd": 0.0128,
  "rouge1_2.5": 0.558,
  "rouge1_97.5": 0.6086,
  "rouge2_mean": 0.4089,
  "rouge2_sd": 0.0152,
  "rouge2_2.5": 0.3792,
  "rouge2_97.5": 0.4402,
  "rougeL_mean": 0.4856,
  "rougeL_sd": 0.0128,
  "rougeL_2.5": 0.461,
  "rougeL_97.5": 0.5115,
  "rougeLsum_mean": 0.4856,
  "rougeLsum_sd": 0.0128,
  "rougeLsum_2.5": 0.461,
  "rougeLsum_97.5": 0.5115,
  "bertscore_f1_mean": 0.9099,
  "bertscore_f1_sd": 0.0021,
  "bertscore_f1_2.5": 0.9057,
  "bertscore_f1_97.5": 0.914,
  "ceaf_ree_phi_subset_f1_mean": 0.5672,
  "ceaf_ree_phi_subset_f1_sd": 0.0213,
  "ceaf_ree_phi_subset_f1_2.5": 0.5261,
  "ceaf_ree_phi_subset_f1_97.5": 0.6082,
  "ceaf_ree_phi_edit_distance_f1_mean": 0.7389,
  "ceaf_ree_phi_edit_distance_f1_sd": 0.0155,
  "ceaf_ree_phi_edit_distance_f1_2.5": 0.7106,
  "ceaf_ree_phi_edit_distance_f1_97.5": 0.7695
}