{
  "rouge1_mean": 0.5952,
  "rouge1_sd": 0.013,
  "rouge1_2.5": 0.5713,
  "rouge1_97.5": 0.6234,
  "rouge2_mean": 0.4178,
  "rouge2_sd": 0.015,
  "rouge2_2.5": 0.3889,
  "rouge2_97.5": 0.4499,
  "rougeL_mean": 0.4939,
  "rougeL_sd": 0.0136,
  "rougeL_2.5": 0.4682,
  "rougeL_97.5": 0.5227,
  "rougeLsum_mean": 0.4939,
  "rougeLsum_sd": 0.0136,
  "rougeLsum_2.5": 0.4682,
  "rougeLsum_97.5": 0.5227,
  "bertscore_f1_mean": 0.9104,
  "bertscore_f1_sd": 0.0023,
  "bertscore_f1_2.5": 0.906,
  "bertscore_f1_97.5": 0.9149,
  "ceaf_ree_phi_subset_f1_mean": 0.5639,
  "ceaf_ree_phi_subset_f1_sd": 0.0201,
  "ceaf_ree_phi_subset_f1_2.5": 0.5235,
  "ceaf_ree_phi_subset_f1_97.5": 0.6049,
  "ceaf_ree_phi_edit_distance_f1_mean": 0.7464,
  "ceaf_ree_phi_edit_distance_f1_sd": 0.0154,
  "ceaf_ree_phi_edit_distance_f1_2.5": 0.7181,
  "ceaf_ree_phi_edit_distance_f1_97.5": 0.7784
}