{
  "test_loss": 1.9139963388442993,
  "test_rouge1": 0.5969,
  "test_rouge2": 0.4197,
  "test_rougeL": 0.4946,
  "test_rougeLsum": 0.4954,
  "test_meteor": 0.5214,
  "test_bertscore_p": 0.9277,
  "test_bertscore_r": 0.9109,
  "test_bertscore_f1": 0.919,
  "test_mean_summary_len": 22.2846,
  "test_runtime": 163.9945,
  "test_samples_per_second": 1.543,
  "test_steps_per_second": 0.774,
  "test_ceaf_ree_subset_p": 0.5737483085250338,
  "test_ceaf_ree_subset_r": 0.5691275167785235,
  "test_ceaf_ree_subset_f1": 0.5714285714285714,
  "test_ceaf_ree_edit_distance_p": 0.7464403915411699,
  "test_ceaf_ree_edit_distance_r": 0.740428791072382,
  "test_ceaf_ree_edit_distance_f1": 0.7434224384756396
}