{
  "rouge1_mean": 0.6304,
  "rouge1_sd": 0.0133,
  "rouge1_2.5": 0.6054,
  "rouge1_97.5": 0.6577,
  "rouge2_mean": 0.4553,
  "rouge2_sd": 0.0157,
  "rouge2_2.5": 0.4249,
  "rouge2_97.5": 0.4869,
  "rougeL_mean": 0.5233,
  "rougeL_sd": 0.0136,
  "rougeL_2.5": 0.4978,
  "rougeL_97.5": 0.5514,
  "rougeLsum_mean": 0.5233,
  "rougeLsum_sd": 0.0136,
  "rougeLsum_2.5": 0.4978,
  "rougeLsum_97.5": 0.5514,
  "bertscore_f1_mean": 0.9175,
  "bertscore_f1_sd": 0.0022,
  "bertscore_f1_2.5": 0.9133,
  "bertscore_f1_97.5": 0.9217,
  "ceaf_ree_phi_subset_f1_mean": 0.6181,
  "ceaf_ree_phi_subset_f1_sd": 0.0196,
  "ceaf_ree_phi_subset_f1_2.5": 0.5805,
  "ceaf_ree_phi_subset_f1_97.5": 0.6582,
  "ceaf_ree_phi_edit_distance_f1_mean": 0.7996,
  "ceaf_ree_phi_edit_distance_f1_sd": 0.0138,
  "ceaf_ree_phi_edit_distance_f1_2.5": 0.7721,
  "ceaf_ree_phi_edit_distance_f1_97.5": 0.8251
}