{
  "test_loss": 1.5255396366119385,
  "test_rouge1": 0.6314,
  "test_rouge2": 0.4562,
  "test_rougeL": 0.5247,
  "test_rougeLsum": 0.5252,
  "test_meteor": 0.5376,
  "test_bertscore_p": 0.9403,
  "test_bertscore_r": 0.9138,
  "test_bertscore_f1": 0.9267,
  "test_mean_summary_len": 23.5336,
  "test_runtime": 320.419,
  "test_samples_per_second": 0.79,
  "test_steps_per_second": 0.396,
  "test_ceaf_ree_subset_p": 0.6518105849582173,
  "test_ceaf_ree_subset_r": 0.6281879194630873,
  "test_ceaf_ree_subset_f1": 0.6397812713602188,
  "test_ceaf_ree_edit_distance_p": 0.8158226752053133,
  "test_ceaf_ree_edit_distance_r": 0.7862559473790804,
  "test_ceaf_ree_edit_distance_f1": 0.8007664809260627
}