{
  "test_loss": 1.0443739891052246,
  "test_rouge1": 0.7446,
  "test_rouge2": 0.6168,
  "test_rougeL": 0.6642,
  "test_rougeLsum": 0.6636,
  "test_meteor": 0.7291,
  "test_bertscore_p": 0.945,
  "test_bertscore_r": 0.9471,
  "test_bertscore_f1": 0.9457,
  "test_mean_summary_len": 28.6324,
  "test_runtime": 125.3389,
  "test_samples_per_second": 2.019,
  "test_steps_per_second": 1.013,
  "test_ceaf_ree_subset_p": 0.7064471879286695,
  "test_ceaf_ree_subset_r": 0.6912751677852349,
  "test_ceaf_ree_subset_f1": 0.6987788331071914,
  "test_ceaf_ree_edit_distance_p": 0.8362682002939313,
  "test_ceaf_ree_edit_distance_r": 0.8183080778715114,
  "test_ceaf_ree_edit_distance_f1": 0.8271906621631967
}