{
  "rouge1_mean": 0.7434,
  "rouge1_sd": 0.0121,
  "rouge1_2.5": 0.7187,
  "rouge1_97.5": 0.7662,
  "rouge2_mean": 0.6168,
  "rouge2_sd": 0.0151,
  "rouge2_2.5": 0.5872,
  "rouge2_97.5": 0.6457,
  "rougeL_mean": 0.6638,
  "rougeL_sd": 0.0138,
  "rougeL_2.5": 0.6369,
  "rougeL_97.5": 0.6906,
  "rougeLsum_mean": 0.6638,
  "rougeLsum_sd": 0.0138,
  "rougeLsum_2.5": 0.6369,
  "rougeLsum_97.5": 0.6906,
  "bertscore_f1_mean": 0.9367,
  "bertscore_f1_sd": 0.002,
  "bertscore_f1_2.5": 0.9325,
  "bertscore_f1_97.5": 0.9406,
  "ceaf_ree_phi_subset_f1_mean": 0.6815,
  "ceaf_ree_phi_subset_f1_sd": 0.0198,
  "ceaf_ree_phi_subset_f1_2.5": 0.6429,
  "ceaf_ree_phi_subset_f1_97.5": 0.7205,
  "ceaf_ree_phi_edit_distance_f1_mean": 0.8211,
  "ceaf_ree_phi_edit_distance_f1_sd": 0.013,
  "ceaf_ree_phi_edit_distance_f1_2.5": 0.7958,
  "ceaf_ree_phi_edit_distance_f1_97.5": 0.8449
}