{
  "rouge1_mean": 0.7514,
  "rouge1_sd": 0.0117,
  "rouge1_2.5": 0.7289,
  "rouge1_97.5": 0.7748,
  "rouge2_mean": 0.6238,
  "rouge2_sd": 0.0152,
  "rouge2_2.5": 0.5951,
  "rouge2_97.5": 0.6543,
  "rougeL_mean": 0.6679,
  "rougeL_sd": 0.0137,
  "rougeL_2.5": 0.642,
  "rougeL_97.5": 0.6954,
  "rougeLsum_mean": 0.6679,
  "rougeLsum_sd": 0.0137,
  "rougeLsum_2.5": 0.642,
  "rougeLsum_97.5": 0.6954,
  "bertscore_f1_mean": 0.9374,
  "bertscore_f1_sd": 0.002,
  "bertscore_f1_2.5": 0.9334,
  "bertscore_f1_97.5": 0.9412,
  "ceaf_ree_phi_subset_f1_mean": 0.6898,
  "ceaf_ree_phi_subset_f1_sd": 0.0184,
  "ceaf_ree_phi_subset_f1_2.5": 0.6535,
  "ceaf_ree_phi_subset_f1_97.5": 0.7243,
  "ceaf_ree_phi_edit_distance_f1_mean": 0.8228,
  "ceaf_ree_phi_edit_distance_f1_sd": 0.0126,
  "ceaf_ree_phi_edit_distance_f1_2.5": 0.7969,
  "ceaf_ree_phi_edit_distance_f1_97.5": 0.8457
}