{
  "test_loss": 0.6344906091690063,
  "test_rouge1": 0.7518,
  "test_rouge2": 0.6253,
  "test_rougeL": 0.6696,
  "test_rougeLsum": 0.6693,
  "test_meteor": 0.7368,
  "test_bertscore_p": 0.9461,
  "test_bertscore_r": 0.9484,
  "test_bertscore_f1": 0.947,
  "test_mean_summary_len": 28.2213,
  "test_runtime": 182.8963,
  "test_samples_per_second": 1.383,
  "test_steps_per_second": 0.694,
  "test_ceaf_ree_subset_p": 0.7047619047619048,
  "test_ceaf_ree_subset_r": 0.6953020134228188,
  "test_ceaf_ree_subset_f1": 0.7,
  "test_ceaf_ree_edit_distance_p": 0.8324624601768585,
  "test_ceaf_ree_edit_distance_r": 0.8212884674228067,
  "test_ceaf_ree_edit_distance_f1": 0.8268377138243121
}