{
  "rouge1_mean": 0.7656,
  "rouge1_sd": 0.0118,
  "rouge1_2.5": 0.7429,
  "rouge1_97.5": 0.7886,
  "rouge2_mean": 0.6431,
  "rouge2_sd": 0.015,
  "rouge2_2.5": 0.6136,
  "rouge2_97.5": 0.6731,
  "rougeL_mean": 0.6877,
  "rougeL_sd": 0.0137,
  "rougeL_2.5": 0.6609,
  "rougeL_97.5": 0.7145,
  "rougeLsum_mean": 0.6877,
  "rougeLsum_sd": 0.0137,
  "rougeLsum_2.5": 0.6609,
  "rougeLsum_97.5": 0.7145,
  "bertscore_f1_mean": 0.9398,
  "bertscore_f1_sd": 0.002,
  "bertscore_f1_2.5": 0.936,
  "bertscore_f1_97.5": 0.9438,
  "ceaf_ree_phi_subset_f1_mean": 0.7333,
  "ceaf_ree_phi_subset_f1_sd": 0.0186,
  "ceaf_ree_phi_subset_f1_2.5": 0.6971,
  "ceaf_ree_phi_subset_f1_97.5": 0.769,
  "ceaf_ree_phi_edit_distance_f1_mean": 0.8463,
  "ceaf_ree_phi_edit_distance_f1_sd": 0.0128,
  "ceaf_ree_phi_edit_distance_f1_2.5": 0.8218,
  "ceaf_ree_phi_edit_distance_f1_97.5": 0.8696
}