{
  "test_loss": 0.5228501558303833,
  "test_rouge1": 0.7664,
  "test_rouge2": 0.6444,
  "test_rougeL": 0.689,
  "test_rougeLsum": 0.6883,
  "test_meteor": 0.7475,
  "test_bertscore_p": 0.9506,
  "test_bertscore_r": 0.9503,
  "test_bertscore_f1": 0.9502,
  "test_mean_summary_len": 31.6403,
  "test_runtime": 387.3702,
  "test_samples_per_second": 0.653,
  "test_steps_per_second": 0.328,
  "test_ceaf_ree_subset_p": 0.7569832402234636,
  "test_ceaf_ree_subset_r": 0.72751677852349,
  "test_ceaf_ree_subset_f1": 0.7419575633127995,
  "test_ceaf_ree_edit_distance_p": 0.8694973422391395,
  "test_ceaf_ree_edit_distance_r": 0.8356511369707703,
  "test_ceaf_ree_edit_distance_f1": 0.852238325863414
}