{
  "rouge1_mean": 0.6273,
  "rouge1_sd": 0.0124,
  "rouge1_2.5": 0.602,
  "rouge1_97.5": 0.6518,
  "rouge2_mean": 0.4522,
  "rouge2_sd": 0.0147,
  "rouge2_2.5": 0.4223,
  "rouge2_97.5": 0.4816,
  "rougeL_mean": 0.5172,
  "rougeL_sd": 0.0132,
  "rougeL_2.5": 0.492,
  "rougeL_97.5": 0.5434,
  "rougeLsum_mean": 0.5172,
  "rougeLsum_sd": 0.0132,
  "rougeLsum_2.5": 0.492,
  "rougeLsum_97.5": 0.5434,
  "bertscore_f1_mean": 0.9151,
  "bertscore_f1_sd": 0.002,
  "bertscore_f1_2.5": 0.9108,
  "bertscore_f1_97.5": 0.9189,
  "ceaf_ree_phi_subset_f1_mean": 0.4442,
  "ceaf_ree_phi_subset_f1_sd": 0.0198,
  "ceaf_ree_phi_subset_f1_2.5": 0.4051,
  "ceaf_ree_phi_subset_f1_97.5": 0.4838,
  "ceaf_ree_phi_edit_distance_f1_mean": 0.6411,
  "ceaf_ree_phi_edit_distance_f1_sd": 0.0157,
  "ceaf_ree_phi_edit_distance_f1_2.5": 0.6079,
  "ceaf_ree_phi_edit_distance_f1_97.5": 0.6702
}