{
  "rouge1_mean": 0.6187,
  "rouge1_sd": 0.0122,
  "rouge1_2.5": 0.5933,
  "rouge1_97.5": 0.6419,
  "rouge2_mean": 0.4421,
  "rouge2_sd": 0.0146,
  "rouge2_2.5": 0.4141,
  "rouge2_97.5": 0.4712,
  "rougeL_mean": 0.5062,
  "rougeL_sd": 0.0135,
  "rougeL_2.5": 0.4794,
  "rougeL_97.5": 0.533,
  "rougeLsum_mean": 0.5062,
  "rougeLsum_sd": 0.0135,
  "rougeLsum_2.5": 0.4794,
  "rougeLsum_97.5": 0.533,
  "bertscore_f1_mean": 0.9135,
  "bertscore_f1_sd": 0.002,
  "bertscore_f1_2.5": 0.9094,
  "bertscore_f1_97.5": 0.9174,
  "ceaf_ree_phi_subset_f1_mean": 0.4223,
  "ceaf_ree_phi_subset_f1_sd": 0.0195,
  "ceaf_ree_phi_subset_f1_2.5": 0.3849,
  "ceaf_ree_phi_subset_f1_97.5": 0.4602,
  "ceaf_ree_phi_edit_distance_f1_mean": 0.6321,
  "ceaf_ree_phi_edit_distance_f1_sd": 0.0152,
  "ceaf_ree_phi_edit_distance_f1_2.5": 0.6003,
  "ceaf_ree_phi_edit_distance_f1_97.5": 0.6619
}