{
  "rouge1_mean": 0.5651,
  "rouge1_sd": 0.0118,
  "rouge1_2.5": 0.5417,
  "rouge1_97.5": 0.588,
  "rouge2_mean": 0.39,
  "rouge2_sd": 0.0141,
  "rouge2_2.5": 0.3631,
  "rouge2_97.5": 0.4188,
  "rougeL_mean": 0.4624,
  "rougeL_sd": 0.0131,
  "rougeL_2.5": 0.4368,
  "rougeL_97.5": 0.4884,
  "rougeLsum_mean": 0.4624,
  "rougeLsum_sd": 0.0131,
  "rougeLsum_2.5": 0.4368,
  "rougeLsum_97.5": 0.4884,
  "bertscore_f1_mean": 0.9043,
  "bertscore_f1_sd": 0.0019,
  "bertscore_f1_2.5": 0.9005,
  "bertscore_f1_97.5": 0.9082,
  "ceaf_ree_phi_subset_f1_mean": 0.3839,
  "ceaf_ree_phi_subset_f1_sd": 0.0184,
  "ceaf_ree_phi_subset_f1_2.5": 0.3464,
  "ceaf_ree_phi_subset_f1_97.5": 0.4178,
  "ceaf_ree_phi_edit_distance_f1_mean": 0.5804,
  "ceaf_ree_phi_edit_distance_f1_sd": 0.0147,
  "ceaf_ree_phi_edit_distance_f1_2.5": 0.5514,
  "ceaf_ree_phi_edit_distance_f1_97.5": 0.6086
}