{
  "rouge1_mean": 0.599,
  "rouge1_sd": 0.0123,
  "rouge1_2.5": 0.5749,
  "rouge1_97.5": 0.622,
  "rouge2_mean": 0.4275,
  "rouge2_sd": 0.0146,
  "rouge2_2.5": 0.3991,
  "rouge2_97.5": 0.4557,
  "rougeL_mean": 0.492,
  "rougeL_sd": 0.013,
  "rougeL_2.5": 0.4661,
  "rougeL_97.5": 0.5174,
  "rougeLsum_mean": 0.492,
  "rougeLsum_sd": 0.013,
  "rougeLsum_2.5": 0.4661,
  "rougeLsum_97.5": 0.5174,
  "bertscore_f1_mean": 0.9097,
  "bertscore_f1_sd": 0.0021,
  "bertscore_f1_2.5": 0.9055,
  "bertscore_f1_97.5": 0.9137,
  "ceaf_ree_phi_subset_f1_mean": 0.4063,
  "ceaf_ree_phi_subset_f1_sd": 0.0188,
  "ceaf_ree_phi_subset_f1_2.5": 0.369,
  "ceaf_ree_phi_subset_f1_97.5": 0.4439,
  "ceaf_ree_phi_edit_distance_f1_mean": 0.6043,
  "ceaf_ree_phi_edit_distance_f1_sd": 0.0159,
  "ceaf_ree_phi_edit_distance_f1_2.5": 0.573,
  "ceaf_ree_phi_edit_distance_f1_97.5": 0.6351
}