{
  "rouge1_mean": 0.5828,
  "rouge1_sd": 0.0118,
  "rouge1_2.5": 0.5598,
  "rouge1_97.5": 0.6044,
  "rouge2_mean": 0.4082,
  "rouge2_sd": 0.0141,
  "rouge2_2.5": 0.3796,
  "rouge2_97.5": 0.4354,
  "rougeL_mean": 0.4778,
  "rougeL_sd": 0.0127,
  "rougeL_2.5": 0.4524,
  "rougeL_97.5": 0.5026,
  "rougeLsum_mean": 0.4778,
  "rougeLsum_sd": 0.0127,
  "rougeLsum_2.5": 0.4524,
  "rougeLsum_97.5": 0.5026,
  "bertscore_f1_mean": 0.9082,
  "bertscore_f1_sd": 0.0019,
  "bertscore_f1_2.5": 0.9044,
  "bertscore_f1_97.5": 0.9121,
  "ceaf_ree_phi_subset_f1_mean": 0.3862,
  "ceaf_ree_phi_subset_f1_sd": 0.0197,
  "ceaf_ree_phi_subset_f1_2.5": 0.3473,
  "ceaf_ree_phi_subset_f1_97.5": 0.4256,
  "ceaf_ree_phi_edit_distance_f1_mean": 0.5862,
  "ceaf_ree_phi_edit_distance_f1_sd": 0.0164,
  "ceaf_ree_phi_edit_distance_f1_2.5": 0.5527,
  "ceaf_ree_phi_edit_distance_f1_97.5": 0.6174
}