{
  "bertscore_f1": 0.9157049674761625,
  "bertscore_p": 0.8856484955949746,
  "bertscore_r": 0.9484132773320194,
  "rouge1": 0.5615,
  "rouge2": 0.4605,
  "rougeL": 0.4837,
  "rougeLsum": 0.4834,
  "test_ceaf_ree_subset_p": 0.4300341296928328,
  "test_ceaf_ree_subset_r": 0.676510067114094,
  "test_ceaf_ree_subset_f1": 0.5258215962441315,
  "test_ceaf_ree_edit_distance_p": 0.511629237308323,
  "test_ceaf_ree_edit_distance_r": 0.8048717666112143,
  "test_ceaf_ree_edit_distance_f1": 0.6255915139544649
}