{
  "rouge1_mean": 0.6375,
  "rouge1_sd": 0.0117,
  "rouge1_2.5": 0.6151,
  "rouge1_97.5": 0.6605,
  "rouge2_mean": 0.455,
  "rouge2_sd": 0.0146,
  "rouge2_2.5": 0.4266,
  "rouge2_97.5": 0.4838,
  "rougeL_mean": 0.5297,
  "rougeL_sd": 0.0135,
  "rougeL_2.5": 0.5045,
  "rougeL_97.5": 0.5561,
  "rougeLsum_mean": 0.5297,
  "rougeLsum_sd": 0.0135,
  "rougeLsum_2.5": 0.5045,
  "rougeLsum_97.5": 0.5561,
  "bertscore_f1_mean": 0.9186,
  "bertscore_f1_sd": 0.0019,
  "bertscore_f1_2.5": 0.915,
  "bertscore_f1_97.5": 0.9224,
  "ceaf_ree_phi_subset_f1_mean": 0.4511,
  "ceaf_ree_phi_subset_f1_sd": 0.0197,
  "ceaf_ree_phi_subset_f1_2.5": 0.413,
  "ceaf_ree_phi_subset_f1_97.5": 0.4912,
  "ceaf_ree_phi_edit_distance_f1_mean": 0.667,
  "ceaf_ree_phi_edit_distance_f1_sd": 0.0142,
  "ceaf_ree_phi_edit_distance_f1_2.5": 0.6394,
  "ceaf_ree_phi_edit_distance_f1_97.5": 0.6941
}