{
  "test_loss": 1.5288622379302979,
  "test_rouge1": 0.6377,
  "test_rouge2": 0.455,
  "test_rougeL": 0.5298,
  "test_rougeLsum": 0.5304,
  "test_meteor": 0.5771,
  "test_bertscore_p": 0.9306,
  "test_bertscore_r": 0.9218,
  "test_bertscore_f1": 0.9259,
  "test_mean_summary_len": 33.3202,
  "test_runtime": 146.2618,
  "test_samples_per_second": 1.73,
  "test_steps_per_second": 0.868,
  "test_ceaf_ree_subset_p": 0.4804597701149425,
  "test_ceaf_ree_subset_r": 0.42264914054600605,
  "test_ceaf_ree_subset_f1": 0.44970414201183434,
  "test_ceaf_ree_edit_distance_p": 0.7089678227612956,
  "test_ceaf_ree_edit_distance_r": 0.6236622910033641,
  "test_ceaf_ree_edit_distance_f1": 0.6635847292117559
}