{
  "test_loss": 1.2572894096374512,
  "test_rouge1": 0.6366,
  "test_rouge2": 0.4624,
  "test_rougeL": 0.5318,
  "test_rougeLsum": 0.5321,
  "test_meteor": 0.6165,
  "test_bertscore_p": 0.9229,
  "test_bertscore_r": 0.9278,
  "test_bertscore_f1": 0.9251,
  "test_mean_summary_len": 39.6403,
  "test_runtime": 250.1332,
  "test_samples_per_second": 1.011,
  "test_steps_per_second": 0.508,
  "test_ceaf_ree_subset_p": 0.45064377682403434,
  "test_ceaf_ree_subset_r": 0.4246713852376138,
  "test_ceaf_ree_subset_f1": 0.4372722540343571,
  "test_ceaf_ree_edit_distance_p": 0.664789808915204,
  "test_ceaf_ree_edit_distance_r": 0.6264753305449648,
  "test_ceaf_ree_edit_distance_f1": 0.6450641352514005
}