{
  "rouge1_mean": 0.6356,
  "rouge1_sd": 0.0122,
  "rouge1_2.5": 0.6118,
  "rouge1_97.5": 0.6603,
  "rouge2_mean": 0.4604,
  "rouge2_sd": 0.0149,
  "rouge2_2.5": 0.4306,
  "rouge2_97.5": 0.4903,
  "rougeL_mean": 0.531,
  "rougeL_sd": 0.0137,
  "rougeL_2.5": 0.5043,
  "rougeL_97.5": 0.5584,
  "rougeLsum_mean": 0.531,
  "rougeLsum_sd": 0.0137,
  "rougeLsum_2.5": 0.5043,
  "rougeLsum_97.5": 0.5584,
  "bertscore_f1_mean": 0.9173,
  "bertscore_f1_sd": 0.002,
  "bertscore_f1_2.5": 0.9134,
  "bertscore_f1_97.5": 0.921,
  "ceaf_ree_phi_subset_f1_mean": 0.4473,
  "ceaf_ree_phi_subset_f1_sd": 0.0194,
  "ceaf_ree_phi_subset_f1_2.5": 0.4093,
  "ceaf_ree_phi_subset_f1_97.5": 0.4841,
  "ceaf_ree_phi_edit_distance_f1_mean": 0.6618,
  "ceaf_ree_phi_edit_distance_f1_sd": 0.015,
  "ceaf_ree_phi_edit_distance_f1_2.5": 0.631,
  "ceaf_ree_phi_edit_distance_f1_97.5": 0.6912
}