{
  "test_loss": 1.0815987586975098,
  "test_rouge1": 0.6414,
  "test_rouge2": 0.4636,
  "test_rougeL": 0.5279,
  "test_rougeLsum": 0.5283,
  "test_meteor": 0.6072,
  "test_bertscore_p": 0.9257,
  "test_bertscore_r": 0.9261,
  "test_bertscore_f1": 0.9256,
  "test_mean_summary_len": 43.0198,
  "test_runtime": 470.8645,
  "test_samples_per_second": 0.537,
  "test_steps_per_second": 0.27,
  "test_ceaf_ree_subset_p": 0.4649890590809628,
  "test_ceaf_ree_subset_r": 0.42972699696663297,
  "test_ceaf_ree_subset_f1": 0.4466631634261692,
  "test_ceaf_ree_edit_distance_p": 0.683564619329756,
  "test_ceaf_ree_edit_distance_r": 0.6317270597243649,
  "test_ceaf_ree_edit_distance_f1": 0.6566243426877529
}