{
  "rouge1_mean": 0.6403,
  "rouge1_sd": 0.0122,
  "rouge1_2.5": 0.615,
  "rouge1_97.5": 0.6636,
  "rouge2_mean": 0.4623,
  "rouge2_sd": 0.0146,
  "rouge2_2.5": 0.4356,
  "rouge2_97.5": 0.4915,
  "rougeL_mean": 0.5275,
  "rougeL_sd": 0.0134,
  "rougeL_2.5": 0.502,
  "rougeL_97.5": 0.5531,
  "rougeLsum_mean": 0.5275,
  "rougeLsum_sd": 0.0134,
  "rougeLsum_2.5": 0.502,
  "rougeLsum_97.5": 0.5531,
  "bertscore_f1_mean": 0.9177,
  "bertscore_f1_sd": 0.002,
  "bertscore_f1_2.5": 0.9134,
  "bertscore_f1_97.5": 0.9217,
  "ceaf_ree_phi_subset_f1_mean": 0.4445,
  "ceaf_ree_phi_subset_f1_sd": 0.0204,
  "ceaf_ree_phi_subset_f1_2.5": 0.4029,
  "ceaf_ree_phi_subset_f1_97.5": 0.4836,
  "ceaf_ree_phi_edit_distance_f1_mean": 0.6597,
  "ceaf_ree_phi_edit_distance_f1_sd": 0.0157,
  "ceaf_ree_phi_edit_distance_f1_2.5": 0.6278,
  "ceaf_ree_phi_edit_distance_f1_97.5": 0.6905
}