{
  "rouge1_mean": 0.5707,
  "rouge1_sd": 0.0169,
  "rouge1_2.5": 0.5365,
  "rouge1_97.5": 0.603,
  "rouge2_mean": 0.4344,
  "rouge2_sd": 0.0193,
  "rouge2_2.5": 0.3969,
  "rouge2_97.5": 0.4715,
  "rougeL_mean": 0.5029,
  "rougeL_sd": 0.0178,
  "rougeL_2.5": 0.4679,
  "rougeL_97.5": 0.5367,
  "rougeLsum_mean": 0.5029,
  "rougeLsum_sd": 0.0178,
  "rougeLsum_2.5": 0.4679,
  "rougeLsum_97.5": 0.5367,
  "bertscore_f1_mean": 0.9102,
  "bertscore_f1_sd": 0.0029,
  "bertscore_f1_2.5": 0.9046,
  "bertscore_f1_97.5": 0.9155,
  "ceaf_ree_phi_subset_f1_mean": 0.4464,
  "ceaf_ree_phi_subset_f1_sd": 0.0234,
  "ceaf_ree_phi_subset_f1_2.5": 0.3999,
  "ceaf_ree_phi_subset_f1_97.5": 0.4909,
  "ceaf_ree_phi_edit_distance_f1_mean": 0.5746,
  "ceaf_ree_phi_edit_distance_f1_sd": 0.0224,
  "ceaf_ree_phi_edit_distance_f1_2.5": 0.53,
  "ceaf_ree_phi_edit_distance_f1_97.5": 0.6167
}