{
  "test_loss": 0.9234601259231567,
  "test_rouge1": 0.5713,
  "test_rouge2": 0.4353,
  "test_rougeL": 0.5046,
  "test_rougeLsum": 0.5033,
  "test_meteor": 0.5486,
  "test_bertscore_p": 0.9174,
  "test_bertscore_r": 0.9185,
  "test_bertscore_f1": 0.9177,
  "test_mean_summary_len": 28.3715,
  "test_runtime": 123.7708,
  "test_samples_per_second": 2.044,
  "test_steps_per_second": 1.026,
  "test_ceaf_ree_subset_p": 0.49096385542168675,
  "test_ceaf_ree_subset_r": 0.4375838926174497,
  "test_ceaf_ree_subset_f1": 0.4627395315826828,
  "test_ceaf_ree_edit_distance_p": 0.6216521214318688,
  "test_ceaf_ree_edit_distance_r": 0.554063098833236,
  "test_ceaf_ree_edit_distance_f1": 0.5859148454659487
}