{
  "test_loss": 0.9086301326751709,
  "test_rouge1": 0.6033,
  "test_rouge2": 0.4619,
  "test_rougeL": 0.5244,
  "test_rougeLsum": 0.5238,
  "test_meteor": 0.611,
  "test_bertscore_p": 0.9152,
  "test_bertscore_r": 0.928,
  "test_bertscore_f1": 0.9213,
  "test_mean_summary_len": 33.8142,
  "test_runtime": 206.5552,
  "test_samples_per_second": 1.225,
  "test_steps_per_second": 0.615,
  "test_ceaf_ree_subset_p": 0.4509043927648579,
  "test_ceaf_ree_subset_r": 0.4684563758389262,
  "test_ceaf_ree_subset_f1": 0.45951283739302173,
  "test_ceaf_ree_edit_distance_p": 0.5926439575692344,
  "test_ceaf_ree_edit_distance_r": 0.6157133196759563,
  "test_ceaf_ree_edit_distance_f1": 0.6039584241719387
}