{
  "rouge1_mean": 0.6012,
  "rouge1_sd": 0.0163,
  "rouge1_2.5": 0.5688,
  "rouge1_97.5": 0.6321,
  "rouge2_mean": 0.4606,
  "rouge2_sd": 0.0184,
  "rouge2_2.5": 0.4253,
  "rouge2_97.5": 0.4952,
  "rougeL_mean": 0.523,
  "rougeL_sd": 0.0168,
  "rougeL_2.5": 0.4908,
  "rougeL_97.5": 0.5563,
  "rougeLsum_mean": 0.523,
  "rougeLsum_sd": 0.0168,
  "rougeLsum_2.5": 0.4908,
  "rougeLsum_97.5": 0.5563,
  "bertscore_f1_mean": 0.9125,
  "bertscore_f1_sd": 0.0027,
  "bertscore_f1_2.5": 0.9071,
  "bertscore_f1_97.5": 0.9174,
  "ceaf_ree_phi_subset_f1_mean": 0.4572,
  "ceaf_ree_phi_subset_f1_sd": 0.0224,
  "ceaf_ree_phi_subset_f1_2.5": 0.4126,
  "ceaf_ree_phi_subset_f1_97.5": 0.5011,
  "ceaf_ree_phi_edit_distance_f1_mean": 0.6081,
  "ceaf_ree_phi_edit_distance_f1_sd": 0.0202,
  "ceaf_ree_phi_edit_distance_f1_2.5": 0.5684,
  "ceaf_ree_phi_edit_distance_f1_97.5": 0.6457
}