{
  "test_loss": 0.5252245664596558,
  "test_rouge1": 0.5838,
  "test_rouge2": 0.4525,
  "test_rougeL": 0.5181,
  "test_rougeLsum": 0.5192,
  "test_meteor": 0.5881,
  "test_bertscore_p": 0.9142,
  "test_bertscore_r": 0.9256,
  "test_bertscore_f1": 0.9196,
  "test_mean_summary_len": 37.9486,
  "test_runtime": 416.9093,
  "test_samples_per_second": 0.607,
  "test_steps_per_second": 0.305,
  "test_ceaf_ree_subset_p": 0.49864864864864866,
  "test_ceaf_ree_subset_r": 0.49530201342281877,
  "test_ceaf_ree_subset_f1": 0.49696969696969695,
  "test_ceaf_ree_edit_distance_p": 0.6095737477764851,
  "test_ceaf_ree_edit_distance_r": 0.6054826487981194,
  "test_ceaf_ree_edit_distance_f1": 0.6075213109152848
}