{
  "rouge1_mean": 0.5826,
  "rouge1_sd": 0.0169,
  "rouge1_2.5": 0.549,
  "rouge1_97.5": 0.6152,
  "rouge2_mean": 0.4505,
  "rouge2_sd": 0.0198,
  "rouge2_2.5": 0.4113,
  "rouge2_97.5": 0.4895,
  "rougeL_mean": 0.5179,
  "rougeL_sd": 0.0177,
  "rougeL_2.5": 0.4823,
  "rougeL_97.5": 0.5536,
  "rougeLsum_mean": 0.5179,
  "rougeLsum_sd": 0.0177,
  "rougeLsum_2.5": 0.4823,
  "rougeLsum_97.5": 0.5536,
  "bertscore_f1_mean": 0.9107,
  "bertscore_f1_sd": 0.0027,
  "bertscore_f1_2.5": 0.9054,
  "bertscore_f1_97.5": 0.916,
  "ceaf_ree_phi_subset_f1_mean": 0.4844,
  "ceaf_ree_phi_subset_f1_sd": 0.024,
  "ceaf_ree_phi_subset_f1_2.5": 0.4376,
  "ceaf_ree_phi_subset_f1_97.5": 0.5309,
  "ceaf_ree_phi_edit_distance_f1_mean": 0.5936,
  "ceaf_ree_phi_edit_distance_f1_sd": 0.0212,
  "ceaf_ree_phi_edit_distance_f1_2.5": 0.5511,
  "ceaf_ree_phi_edit_distance_f1_97.5": 0.6315
}