split,method,mode,k,fraction_source_args_covered
train,bm25,concat,4,0.6963
train,bm25,concat,5,0.7443
train,bm25,concat,6,0.7688
train,bm25,concat,7,0.7943
train,all-mpnet-base-v2,concat,5,0.7039
dev,bm25,concat,4,0.6456
dev,bm25,concat,5,0.6958
dev,bm25,concat,6,0.7367
dev,bm25,concat,7,0.7600
dev,all-mpnet-base-v2,concat,4,0.5777
dev,all-mpnet-base-v2,concat,5,0.6270
dev,all-mpnet-base-v2,concat,6,0.6688
dev,all-mpnet-base-v2,concat,7,0.6967
dev,sentence-transformers-e5-large-v2,concat,4,0.6623
dev,sentence-transformers-e5-large-v2,concat,5,0.6912
dev,sentence-transformers-e5-large-v2,concat,6,0.7237
dev,sentence-transformers-e5-large-v2,concat,7,0.7488
